macro_f1,balanced_acc
0.5361364063865848,0.5376063448990264
