{
  "f1": 0.5152015083667217,
  "balanced_acc": 0.5117265673735338,
  "auc": 0.511177689153959
}