{
  "f1": 0.5104408352668213,
  "balanced_acc": 0.49635909620346075,
  "auc": 0.49262575825600885
}