accuracy,balanced_accuracy,macro_precision,macro_recall,macro_f1,weighted_f1,N
0.8060764300973178,0.7683532921641753,0.772123825435281,0.7683532921641753,0.7696833536578902,0.8053793136322143,4213
